[{"model": "admin.logentry", "pk": 1, "fields": {"action_time": "2023-10-04T22:53:15.783Z", "user": 1, "content_type": 10, "object_id": "1", "object_repr": "Engine Crane", "action_flag": 1, "change_message": "[{\"added\": {}}]"}}, {"model": "admin.logentry", "pk": 2, "fields": {"action_time": "2023-10-04T22:53:26.879Z", "user": 1, "content_type": 10, "object_id": "2", "object_repr": "Kota", "action_flag": 1, "change_message": "[{\"added\": {}}]"}}, {"model": "admin.logentry", "pk": 3, "fields": {"action_time": "2023-10-04T22:53:35.542Z", "user": 1, "content_type": 10, "object_id": "3", "object_repr": "Watch", "action_flag": 1, "change_message": "[{\"added\": {}}]"}}, {"model": "admin.logentry", "pk": 4, "fields": {"action_time": "2023-10-04T22:53:49.812Z", "user": 1, "content_type": 10, "object_id": "4", "object_repr": "Engine Stand", "action_flag": 1, "change_message": "[{\"added\": {}}]"}}, {"model": "admin.logentry", "pk": 5, "fields": {"action_time": "2023-10-04T22:54:57.372Z", "user": 1, "content_type": 10, "object_id": "5", "object_repr": "Wheel Barrow", "action_flag": 1, "change_message": "[{\"added\": {}}]"}}, {"model": "admin.logentry", "pk": 6, "fields": {"action_time": "2023-10-04T22:55:43.921Z", "user": 1, "content_type": 10, "object_id": "5", "object_repr": "Wheel Barrow", "action_flag": 3, "change_message": ""}}, {"model": "admin.logentry", "pk": 7, "fields": {"action_time": "2023-10-05T16:35:37.565Z", "user": 1, "content_type": 10, "object_id": "4", "object_repr": "Engine Stand", "action_flag": 2, "change_message": "[{\"changed\": {\"fields\": [\"Image\"]}}]"}}, {"model": "admin.logentry", "pk": 8, "fields": {"action_time": "2023-10-05T16:38:51.723Z", "user": 1, "content_type": 10, "object_id": "3", "object_repr": "Watch", "action_flag": 2, "change_message": "[{\"changed\": {\"fields\": [\"Image\"]}}]"}}, {"model": "admin.logentry", "pk": 9, "fields": {"action_time": "2023-10-05T16:38:59.055Z", "user": 1, "content_type": 10, "object_id": "2", "object_repr": "Kota", "action_flag": 2, "change_message": "[{\"changed\": {\"fields\": [\"Image\"]}}]"}}, {"model": "admin.logentry", "pk": 10, "fields": {"action_time": "2023-10-05T16:39:07.255Z", "user": 1, "content_type": 10, "object_id": "1", "object_repr": "Engine Crane", "action_flag": 2, "change_message": "[{\"changed\": {\"fields\": [\"Image\"]}}]"}}, {"model": "admin.logentry", "pk": 11, "fields": {"action_time": "2023-10-05T16:48:53.709Z", "user": 1, "content_type": 10, "object_id": "1", "object_repr": "Engine Crane", "action_flag": 2, "change_message": "[{\"changed\": {\"fields\": [\"Image\"]}}]"}}, {"model": "admin.logentry", "pk": 12, "fields": {"action_time": "2023-10-05T16:49:07.254Z", "user": 1, "content_type": 10, "object_id": "1", "object_repr": "Engine Crane", "action_flag": 2, "change_message": "[{\"changed\": {\"fields\": [\"Image\"]}}]"}}, {"model": "admin.logentry", "pk": 13, "fields": {"action_time": "2023-10-05T20:00:30.235Z", "user": 1, "content_type": 7, "object_id": "1", "object_repr": "BK", "action_flag": 1, "change_message": "[{\"added\": {}}]"}}, {"model": "admin.logentry", "pk": 14, "fields": {"action_time": "2023-10-05T20:01:59.726Z", "user": 1, "content_type": 8, "object_id": "1", "object_repr": "1", "action_flag": 1, "change_message": "[{\"added\": {}}]"}}, {"model": "admin.logentry", "pk": 15, "fields": {"action_time": "2023-10-05T20:04:10.462Z", "user": 1, "content_type": 8, "object_id": "2", "object_repr": "2", "action_flag": 1, "change_message": "[{\"added\": {}}]"}}, {"model": "admin.logentry", "pk": 16, "fields": {"action_time": "2023-10-05T20:04:19.964Z", "user": 1, "content_type": 8, "object_id": "3", "object_repr": "3", "action_flag": 1, "change_message": "[{\"added\": {}}]"}}, {"model": "admin.logentry", "pk": 17, "fields": {"action_time": "2023-10-05T20:05:01.000Z", "user": 1, "content_type": 8, "object_id": "3", "object_repr": "3", "action_flag": 3, "change_message": ""}}, {"model": "admin.logentry", "pk": 18, "fields": {"action_time": "2023-10-05T20:05:09.754Z", "user": 1, "content_type": 8, "object_id": "2", "object_repr": "2", "action_flag": 3, "change_message": ""}}, {"model": "admin.logentry", "pk": 19, "fields": {"action_time": "2023-10-05T20:05:09.799Z", "user": 1, "content_type": 8, "object_id": "1", "object_repr": "1", "action_flag": 3, "change_message": ""}}, {"model": "admin.logentry", "pk": 20, "fields": {"action_time": "2023-10-05T20:06:20.459Z", "user": 1, "content_type": 8, "object_id": "4", "object_repr": "4", "action_flag": 1, "change_message": "[{\"added\": {}}]"}}, {"model": "admin.logentry", "pk": 21, "fields": {"action_time": "2023-10-05T20:06:40.381Z", "user": 1, "content_type": 11, "object_id": "1", "object_repr": "OrderItem object (1)", "action_flag": 1, "change_message": "[{\"added\": {}}]"}}, {"model": "admin.logentry", "pk": 22, "fields": {"action_time": "2023-10-05T20:28:29.792Z", "user": 1, "content_type": 11, "object_id": "2", "object_repr": "OrderItem object (2)", "action_flag": 1, "change_message": "[{\"added\": {}}]"}}, {"model": "admin.logentry", "pk": 23, "fields": {"action_time": "2023-10-08T09:15:18.770Z", "user": 1, "content_type": 8, "object_id": "4", "object_repr": "4", "action_flag": 3, "change_message": ""}}, {"model": "admin.logentry", "pk": 24, "fields": {"action_time": "2023-11-01T09:42:47.579Z", "user": 1, "content_type": 11, "object_id": "30", "object_repr": "OrderItem object (30)", "action_flag": 3, "change_message": ""}}, {"model": "admin.logentry", "pk": 25, "fields": {"action_time": "2023-11-01T09:42:47.634Z", "user": 1, "content_type": 11, "object_id": "29", "object_repr": "OrderItem object (29)", "action_flag": 3, "change_message": ""}}, {"model": "admin.logentry", "pk": 26, "fields": {"action_time": "2023-11-01T09:42:47.681Z", "user": 1, "content_type": 11, "object_id": "28", "object_repr": "OrderItem object (28)", "action_flag": 3, "change_message": ""}}, {"model": "admin.logentry", "pk": 27, "fields": {"action_time": "2023-11-01T09:42:47.726Z", "user": 1, "content_type": 11, "object_id": "27", "object_repr": "OrderItem object (27)", "action_flag": 3, "change_message": ""}}, {"model": "admin.logentry", "pk": 28, "fields": {"action_time": "2023-11-01T09:42:47.771Z", "user": 1, "content_type": 11, "object_id": "26", "object_repr": "OrderItem object (26)", "action_flag": 3, "change_message": ""}}, {"model": "admin.logentry", "pk": 29, "fields": {"action_time": "2023-11-01T09:42:47.817Z", "user": 1, "content_type": 11, "object_id": "25", "object_repr": "OrderItem object (25)", "action_flag": 3, "change_message": ""}}, {"model": "admin.logentry", "pk": 30, "fields": {"action_time": "2023-11-01T09:42:47.863Z", "user": 1, "content_type": 11, "object_id": "24", "object_repr": "OrderItem object (24)", "action_flag": 3, "change_message": ""}}, {"model": "admin.logentry", "pk": 31, "fields": {"action_time": "2023-11-01T09:42:47.908Z", "user": 1, "content_type": 11, "object_id": "23", "object_repr": "OrderItem object (23)", "action_flag": 3, "change_message": ""}}, {"model": "admin.logentry", "pk": 32, "fields": {"action_time": "2023-11-01T09:42:47.954Z", "user": 1, "content_type": 11, "object_id": "22", "object_repr": "OrderItem object (22)", "action_flag": 3, "change_message": ""}}, {"model": "admin.logentry", "pk": 33, "fields": {"action_time": "2023-11-01T09:42:48.000Z", "user": 1, "content_type": 11, "object_id": "21", "object_repr": "OrderItem object (21)", "action_flag": 3, "change_message": ""}}, {"model": "admin.logentry", "pk": 34, "fields": {"action_time": "2023-11-01T09:42:48.045Z", "user": 1, "content_type": 11, "object_id": "20", "object_repr": "OrderItem object (20)", "action_flag": 3, "change_message": ""}}, {"model": "admin.logentry", "pk": 35, "fields": {"action_time": "2023-11-01T09:42:48.091Z", "user": 1, "content_type": 11, "object_id": "19", "object_repr": "OrderItem object (19)", "action_flag": 3, "change_message": ""}}, {"model": "admin.logentry", "pk": 36, "fields": {"action_time": "2023-11-01T09:42:48.136Z", "user": 1, "content_type": 11, "object_id": "18", "object_repr": "OrderItem object (18)", "action_flag": 3, "change_message": ""}}, {"model": "admin.logentry", "pk": 37, "fields": {"action_time": "2023-11-01T09:42:48.184Z", "user": 1, "content_type": 11, "object_id": "17", "object_repr": "OrderItem object (17)", "action_flag": 3, "change_message": ""}}, {"model": "admin.logentry", "pk": 38, "fields": {"action_time": "2023-11-01T09:42:48.230Z", "user": 1, "content_type": 11, "object_id": "16", "object_repr": "OrderItem object (16)", "action_flag": 3, "change_message": ""}}, {"model": "admin.logentry", "pk": 39, "fields": {"action_time": "2023-11-01T09:42:48.275Z", "user": 1, "content_type": 11, "object_id": "15", "object_repr": "OrderItem object (15)", "action_flag": 3, "change_message": ""}}, {"model": "admin.logentry", "pk": 40, "fields": {"action_time": "2023-11-01T09:42:48.322Z", "user": 1, "content_type": 11, "object_id": "14", "object_repr": "OrderItem object (14)", "action_flag": 3, "change_message": ""}}, {"model": "admin.logentry", "pk": 41, "fields": {"action_time": "2023-11-01T09:42:48.370Z", "user": 1, "content_type": 11, "object_id": "13", "object_repr": "OrderItem object (13)", "action_flag": 3, "change_message": ""}}, {"model": "admin.logentry", "pk": 42, "fields": {"action_time": "2023-11-01T09:42:48.412Z", "user": 1, "content_type": 11, "object_id": "11", "object_repr": "OrderItem object (11)", "action_flag": 3, "change_message": ""}}, {"model": "admin.logentry", "pk": 43, "fields": {"action_time": "2023-11-01T09:42:48.457Z", "user": 1, "content_type": 11, "object_id": "10", "object_repr": "OrderItem object (10)", "action_flag": 3, "change_message": ""}}, {"model": "admin.logentry", "pk": 44, "fields": {"action_time": "2023-11-01T09:42:48.503Z", "user": 1, "content_type": 11, "object_id": "9", "object_repr": "OrderItem object (9)", "action_flag": 3, "change_message": ""}}, {"model": "admin.logentry", "pk": 45, "fields": {"action_time": "2023-11-01T09:42:48.549Z", "user": 1, "content_type": 11, "object_id": "1", "object_repr": "OrderItem object (1)", "action_flag": 3, "change_message": ""}}, {"model": "admin.logentry", "pk": 46, "fields": {"action_time": "2023-11-01T09:42:59.098Z", "user": 1, "content_type": 8, "object_id": "12", "object_repr": "12", "action_flag": 3, "change_message": ""}}, {"model": "admin.logentry", "pk": 47, "fields": {"action_time": "2023-11-01T09:42:59.184Z", "user": 1, "content_type": 8, "object_id": "11", "object_repr": "11", "action_flag": 3, "change_message": ""}}, {"model": "admin.logentry", "pk": 48, "fields": {"action_time": "2023-11-01T09:42:59.228Z", "user": 1, "content_type": 8, "object_id": "10", "object_repr": "10", "action_flag": 3, "change_message": ""}}, {"model": "admin.logentry", "pk": 49, "fields": {"action_time": "2023-11-01T09:42:59.273Z", "user": 1, "content_type": 8, "object_id": "9", "object_repr": "9", "action_flag": 3, "change_message": ""}}, {"model": "admin.logentry", "pk": 50, "fields": {"action_time": "2023-11-01T09:42:59.319Z", "user": 1, "content_type": 8, "object_id": "8", "object_repr": "8", "action_flag": 3, "change_message": ""}}, {"model": "admin.logentry", "pk": 51, "fields": {"action_time": "2023-11-01T09:42:59.366Z", "user": 1, "content_type": 8, "object_id": "7", "object_repr": "7", "action_flag": 3, "change_message": ""}}, {"model": "admin.logentry", "pk": 52, "fields": {"action_time": "2023-11-01T09:42:59.402Z", "user": 1, "content_type": 8, "object_id": "6", "object_repr": "6", "action_flag": 3, "change_message": ""}}, {"model": "admin.logentry", "pk": 53, "fields": {"action_time": "2023-11-01T09:42:59.447Z", "user": 1, "content_type": 8, "object_id": "5", "object_repr": "5", "action_flag": 3, "change_message": ""}}, {"model": "admin.logentry", "pk": 54, "fields": {"action_time": "2023-11-01T09:43:23.296Z", "user": 1, "content_type": 7, "object_id": "3", "object_repr": "bg", "action_flag": 3, "change_message": ""}}, {"model": "admin.logentry", "pk": 55, "fields": {"action_time": "2023-11-01T09:43:23.339Z", "user": 1, "content_type": 7, "object_id": "2", "object_repr": "Bheki Daweti", "action_flag": 3, "change_message": ""}}, {"model": "admin.logentry", "pk": 56, "fields": {"action_time": "2023-11-01T09:43:23.384Z", "user": 1, "content_type": 7, "object_id": "1", "object_repr": "BK", "action_flag": 3, "change_message": ""}}, {"model": "admin.logentry", "pk": 57, "fields": {"action_time": "2023-11-01T09:43:43.975Z", "user": 1, "content_type": 4, "object_id": "3", "object_repr": "bhebhekida7870", "action_flag": 3, "change_message": ""}}, {"model": "admin.logentry", "pk": 58, "fields": {"action_time": "2023-11-01T09:43:44.017Z", "user": 1, "content_type": 4, "object_id": "2", "object_repr": "bhekidaweti", "action_flag": 3, "change_message": ""}}, {"model": "admin.logentry", "pk": 59, "fields": {"action_time": "2023-11-01T16:21:59.195Z", "user": 1, "content_type": 4, "object_id": "5", "object_repr": "des", "action_flag": 1, "change_message": "[{\"added\": {}}]"}}, {"model": "admin.logentry", "pk": 60, "fields": {"action_time": "2023-11-01T16:23:42.011Z", "user": 1, "content_type": 4, "object_id": "5", "object_repr": "des", "action_flag": 2, "change_message": "[{\"changed\": {\"fields\": [\"First name\", \"Last name\", \"Email address\"]}}]"}}, {"model": "admin.logentry", "pk": 61, "fields": {"action_time": "2023-11-01T16:24:55.821Z", "user": 1, "content_type": 7, "object_id": "4", "object_repr": "desmond", "action_flag": 1, "change_message": "[{\"added\": {}}]"}}, {"model": "admin.logentry", "pk": 62, "fields": {"action_time": "2023-11-23T15:16:47.910Z", "user": 1, "content_type": 4, "object_id": "9", "object_repr": "babe", "action_flag": 3, "change_message": ""}}, {"model": "admin.logentry", "pk": 63, "fields": {"action_time": "2023-11-23T15:16:47.956Z", "user": 1, "content_type": 4, "object_id": "6", "object_repr": "bhebhekida7870", "action_flag": 3, "change_message": ""}}, {"model": "admin.logentry", "pk": 64, "fields": {"action_time": "2023-11-23T15:16:48.000Z", "user": 1, "content_type": 4, "object_id": "4", "object_repr": "bhekidaweti ", "action_flag": 3, "change_message": ""}}, {"model": "admin.logentry", "pk": 65, "fields": {"action_time": "2023-11-23T15:16:48.054Z", "user": 1, "content_type": 4, "object_id": "8", "object_repr": "bubu", "action_flag": 3, "change_message": ""}}, {"model": "admin.logentry", "pk": 66, "fields": {"action_time": "2023-11-23T15:16:48.117Z", "user": 1, "content_type": 4, "object_id": "10", "object_repr": "bud", "action_flag": 3, "change_message": ""}}, {"model": "admin.logentry", "pk": 67, "fields": {"action_time": "2023-11-23T15:16:48.171Z", "user": 1, "content_type": 4, "object_id": "12", "object_repr": "buf", "action_flag": 3, "change_message": ""}}, {"model": "admin.logentry", "pk": 68, "fields": {"action_time": "2023-11-23T15:16:48.224Z", "user": 1, "content_type": 4, "object_id": "11", "object_repr": "bus", "action_flag": 3, "change_message": ""}}, {"model": "admin.logentry", "pk": 69, "fields": {"action_time": "2023-11-23T15:16:48.295Z", "user": 1, "content_type": 4, "object_id": "7", "object_repr": "deshi", "action_flag": 3, "change_message": ""}}, {"model": "auth.permission", "pk": 1, "fields": {"name": "Can add log entry", "content_type": 1, "codename": "add_logentry"}}, {"model": "auth.permission", "pk": 2, "fields": {"name": "Can change log entry", "content_type": 1, "codename": "change_logentry"}}, {"model": "auth.permission", "pk": 3, "fields": {"name": "Can delete log entry", "content_type": 1, "codename": "delete_logentry"}}, {"model": "auth.permission", "pk": 4, "fields": {"name": "Can view log entry", "content_type": 1, "codename": "view_logentry"}}, {"model": "auth.permission", "pk": 5, "fields": {"name": "Can add permission", "content_type": 2, "codename": "add_permission"}}, {"model": "auth.permission", "pk": 6, "fields": {"name": "Can change permission", "content_type": 2, "codename": "change_permission"}}, {"model": "auth.permission", "pk": 7, "fields": {"name": "Can delete permission", "content_type": 2, "codename": "delete_permission"}}, {"model": "auth.permission", "pk": 8, "fields": {"name": "Can view permission", "content_type": 2, "codename": "view_permission"}}, {"model": "auth.permission", "pk": 9, "fields": {"name": "Can add group", "content_type": 3, "codename": "add_group"}}, {"model": "auth.permission", "pk": 10, "fields": {"name": "Can change group", "content_type": 3, "codename": "change_group"}}, {"model": "auth.permission", "pk": 11, "fields": {"name": "Can delete group", "content_type": 3, "codename": "delete_group"}}, {"model": "auth.permission", "pk": 12, "fields": {"name": "Can view group", "content_type": 3, "codename": "view_group"}}, {"model": "auth.permission", "pk": 13, "fields": {"name": "Can add user", "content_type": 4, "codename": "add_user"}}, {"model": "auth.permission", "pk": 14, "fields": {"name": "Can change user", "content_type": 4, "codename": "change_user"}}, {"model": "auth.permission", "pk": 15, "fields": {"name": "Can delete user", "content_type": 4, "codename": "delete_user"}}, {"model": "auth.permission", "pk": 16, "fields": {"name": "Can view user", "content_type": 4, "codename": "view_user"}}, {"model": "auth.permission", "pk": 17, "fields": {"name": "Can add content type", "content_type": 5, "codename": "add_contenttype"}}, {"model": "auth.permission", "pk": 18, "fields": {"name": "Can change content type", "content_type": 5, "codename": "change_contenttype"}}, {"model": "auth.permission", "pk": 19, "fields": {"name": "Can delete content type", "content_type": 5, "codename": "delete_contenttype"}}, {"model": "auth.permission", "pk": 20, "fields": {"name": "Can view content type", "content_type": 5, "codename": "view_contenttype"}}, {"model": "auth.permission", "pk": 21, "fields": {"name": "Can add session", "content_type": 6, "codename": "add_session"}}, {"model": "auth.permission", "pk": 22, "fields": {"name": "Can change session", "content_type": 6, "codename": "change_session"}}, {"model": "auth.permission", "pk": 23, "fields": {"name": "Can delete session", "content_type": 6, "codename": "delete_session"}}, {"model": "auth.permission", "pk": 24, "fields": {"name": "Can view session", "content_type": 6, "codename": "view_session"}}, {"model": "auth.permission", "pk": 25, "fields": {"name": "Can add customer", "content_type": 7, "codename": "add_customer"}}, {"model": "auth.permission", "pk": 26, "fields": {"name": "Can change customer", "content_type": 7, "codename": "change_customer"}}, {"model": "auth.permission", "pk": 27, "fields": {"name": "Can delete customer", "content_type": 7, "codename": "delete_customer"}}, {"model": "auth.permission", "pk": 28, "fields": {"name": "Can view customer", "content_type": 7, "codename": "view_customer"}}, {"model": "auth.permission", "pk": 29, "fields": {"name": "Can add order", "content_type": 8, "codename": "add_order"}}, {"model": "auth.permission", "pk": 30, "fields": {"name": "Can change order", "content_type": 8, "codename": "change_order"}}, {"model": "auth.permission", "pk": 31, "fields": {"name": "Can delete order", "content_type": 8, "codename": "delete_order"}}, {"model": "auth.permission", "pk": 32, "fields": {"name": "Can view order", "content_type": 8, "codename": "view_order"}}, {"model": "auth.permission", "pk": 33, "fields": {"name": "Can add shipping address", "content_type": 9, "codename": "add_shippingaddress"}}, {"model": "auth.permission", "pk": 34, "fields": {"name": "Can change shipping address", "content_type": 9, "codename": "change_shippingaddress"}}, {"model": "auth.permission", "pk": 35, "fields": {"name": "Can delete shipping address", "content_type": 9, "codename": "delete_shippingaddress"}}, {"model": "auth.permission", "pk": 36, "fields": {"name": "Can view shipping address", "content_type": 9, "codename": "view_shippingaddress"}}, {"model": "auth.permission", "pk": 37, "fields": {"name": "Can add product", "content_type": 10, "codename": "add_product"}}, {"model": "auth.permission", "pk": 38, "fields": {"name": "Can change product", "content_type": 10, "codename": "change_product"}}, {"model": "auth.permission", "pk": 39, "fields": {"name": "Can delete product", "content_type": 10, "codename": "delete_product"}}, {"model": "auth.permission", "pk": 40, "fields": {"name": "Can view product", "content_type": 10, "codename": "view_product"}}, {"model": "auth.permission", "pk": 41, "fields": {"name": "Can add order item", "content_type": 11, "codename": "add_orderitem"}}, {"model": "auth.permission", "pk": 42, "fields": {"name": "Can change order item", "content_type": 11, "codename": "change_orderitem"}}, {"model": "auth.permission", "pk": 43, "fields": {"name": "Can delete order item", "content_type": 11, "codename": "delete_orderitem"}}, {"model": "auth.permission", "pk": 44, "fields": {"name": "Can view order item", "content_type": 11, "codename": "view_orderitem"}}, {"model": "auth.user", "pk": 1, "fields": {"password": "pbkdf2_sha256$600000$EA2VUJW7UpTPlFcUdoGTZv$R2MCdvTNSn16BjNTbL8ZUxrhxTdMeHA4Skh+H8ufJnY=", "last_login": "2023-11-23T15:13:46.602Z", "is_superuser": true, "username": "bheki", "first_name": "", "last_name": "", "email": "bheki.daweti@gmail.com", "is_staff": true, "is_active": true, "date_joined": "2023-10-04T22:31:23.024Z", "groups": [], "user_permissions": []}}, {"model": "auth.user", "pk": 5, "fields": {"password": "pbkdf2_sha256$600000$0bb73SeDffKfNsorP4Ej6r$TIXHsmz540nV6VbZ/kDsTi7W/pN4pvcUTyeS5hZW5mM=", "last_login": "2023-11-30T17:43:27.734Z", "is_superuser": false, "username": "des", "first_name": "desmond", "last_name": "tutu", "email": "des@gmail.com", "is_staff": false, "is_active": true, "date_joined": "2023-11-01T16:21:58Z", "groups": [], "user_permissions": []}}, {"model": "auth.user", "pk": 13, "fields": {"password": "pbkdf2_sha256$600000$8yc68gHjfsgFYYPin0rdNm$OEVLJIhkKsRso0wmgzHdjijRD2f0wdkfJwSm+SWBvmU=", "last_login": "2023-11-23T15:21:50.157Z", "is_superuser": false, "username": "desmond", "first_name": "", "last_name": "", "email": "etiggg@gmail.com", "is_staff": false, "is_active": true, "date_joined": "2023-11-23T15:20:44.544Z", "groups": [], "user_permissions": []}}, {"model": "auth.user", "pk": 14, "fields": {"password": "pbkdf2_sha256$600000$OdklbfwPEUKQua9yzInZm9$LOamCqquTgGLJypxT+vM0k+JpWKrGMxYAas1rNdQexU=", "last_login": "2023-11-23T15:21:31.897Z", "is_superuser": false, "username": "yadav", "first_name": "", "last_name": "", "email": "etiggg@gmail.com", "is_staff": false, "is_active": true, "date_joined": "2023-11-23T15:21:30.748Z", "groups": [], "user_permissions": []}}, {"model": "auth.user", "pk": 15, "fields": {"password": "pbkdf2_sha256$600000$FVw8Mbze1j42GOvpwLHBQB$JmQ3K4vn7Q6aM39jodU3HIWez8ofIHfSDP0Z7Quv0iY=", "last_login": "2023-11-23T15:23:00.626Z", "is_superuser": false, "username": "jimmy", "first_name": "", "last_name": "", "email": "", "is_staff": false, "is_active": true, "date_joined": "2023-11-23T15:22:59.497Z", "groups": [], "user_permissions": []}}, {"model": "auth.user", "pk": 16, "fields": {"password": "pbkdf2_sha256$600000$bPygONgHDqrsMfvLZyulvt$AgRTn943fv/OfbkLzIdSrzITUsIrWsLI+EkKva+gR/w=", "last_login": "2023-12-16T08:13:47.133Z", "is_superuser": false, "username": "bhekidee", "first_name": "", "last_name": "", "email": "etiggg@gmail.com", "is_staff": false, "is_active": true, "date_joined": "2023-12-15T19:08:33.105Z", "groups": [], "user_permissions": []}}, {"model": "contenttypes.contenttype", "pk": 1, "fields": {"app_label": "admin", "model": "logentry"}}, {"model": "contenttypes.contenttype", "pk": 2, "fields": {"app_label": "auth", "model": "permission"}}, {"model": "contenttypes.contenttype", "pk": 3, "fields": {"app_label": "auth", "model": "group"}}, {"model": "contenttypes.contenttype", "pk": 4, "fields": {"app_label": "auth", "model": "user"}}, {"model": "contenttypes.contenttype", "pk": 5, "fields": {"app_label": "contenttypes", "model": "contenttype"}}, {"model": "contenttypes.contenttype", "pk": 6, "fields": {"app_label": "sessions", "model": "session"}}, {"model": "contenttypes.contenttype", "pk": 7, "fields": {"app_label": "store", "model": "customer"}}, {"model": "contenttypes.contenttype", "pk": 8, "fields": {"app_label": "store", "model": "order"}}, {"model": "contenttypes.contenttype", "pk": 9, "fields": {"app_label": "store", "model": "shippingaddress"}}, {"model": "contenttypes.contenttype", "pk": 10, "fields": {"app_label": "store", "model": "product"}}, {"model": "contenttypes.contenttype", "pk": 11, "fields": {"app_label": "store", "model": "orderitem"}}, {"model": "sessions.session", "pk": "5rl3lbq8r5ejen74c1zi0hv93x70obb9", "fields": {"session_data": ".eJxVjEEOwiAQRe_C2hDGgQIu3fcMZGBAqoYmpV0Z765NutDtf-_9lwi0rTVsPS9hYnERIE6_W6T0yG0HfKd2m2Wa27pMUe6KPGiX48z5eT3cv4NKvX7rAmgtaleIvHbgkBD5XAa0YBR4MoBkHCTWUXnLThljtcnRKiaNMIj3B7KuNn0:1qoqOM:2FE1P9_zvz4ONbdSlD9yWUHpp2tNKZ-zWLtccWzWXuM", "expire_date": "2023-10-20T19:21:42.996Z"}}, {"model": "sessions.session", "pk": "bp0ujn7ukosr7xpwuhz2ikmzenww15u4", "fields": {"session_data": ".eJxVjDsOwjAQBe_iGlmJfxtT0nMGa9e7wQHkSHFSIe4OkVJA-2bmvVTCbS1pa7KkidVZ9V6dfkfC_JC6E75jvc06z3VdJtK7og_a9HVmeV4O9--gYCvfGsAEyyQQCSEKs1jJEDCgod4SRSejEfY8kLPIPmZwMLLtAvsBoFPvDzLhON4:1r6BXg:Eq8O8kRPEL8BP709yLvDjVAYeTHsEn6amYSPGWoJOFw", "expire_date": "2023-12-07T15:23:00.664Z"}}, {"model": "sessions.session", "pk": "jm6d7oc06te9fpazaaleimr84rsl9p4l", "fields": {"session_data": ".eJxVjEsOwjAMBe-SNYponCY1S_Y9Q-XYDimgVOpnhbg7VOoCtm9m3ssMtK1l2Badh1HMxTTOnH7HRPzQuhO5U71Nlqe6zmOyu2IPuth-En1eD_fvoNBSvnWbpYOQRby0Z-WMzJ3TFjoA0EjsHUYNgAE9ZULiKD7EhJo4oGuSeX8AJCs4uQ:1r0PYD:7P3O_JZuHHUzSmmPRc6ZECqE1hC3hJ3jr1NLBQ8rt9s", "expire_date": "2023-11-21T17:07:41.591Z"}}, {"model": "sessions.session", "pk": "redg5z7k745py23hwnnllf6f3qk8lbl6", "fields": {"session_data": ".eJxVjEEOwiAURO_C2hAUpNSle8_QDP9_pGogKe3KeHfbpAvdTea9mbcasMx5WJpMw8jqoqw6_HYR9JSyAX6g3KumWuZpjHpT9E6bvlWW13V3_w4yWl7XciKHePZHBzFCa0hwAeRjIBMp2ZB6B7BNZLrAJL14cOq8OBiKUJ8vGw051g:1qtXtO:3pK9PzHQjj8lRY8hUFO-PFWzglH5fkgI_wJ92fKtoWE", "expire_date": "2023-11-02T18:37:10.213Z"}}, {"model": "sessions.session", "pk": "rewnz0ed5c6wzi0ohfugnaw20xhywnfd", "fields": {"session_data": ".eJxVjEEOwiAQRe_C2hDGgQIu3fcMZGBAqoYmpV0Z765NutDtf-_9lwi0rTVsPS9hYnERIE6_W6T0yG0HfKd2m2Wa27pMUe6KPGiX48z5eT3cv4NKvX7rAmgtaleIvHbgkBD5XAa0YBR4MoBkHCTWUXnLThljtcnRKiaNMIj3B7KuNn0:1qqEzb:ebkDDP3ZEDSQtSQMU6Cj62oLHZuGju-v7ZNHhfDSTOM", "expire_date": "2023-10-24T15:49:55.877Z"}}, {"model": "sessions.session", "pk": "riad6alvh2twamx75gkomvs97hj6ybrk", "fields": {"session_data": ".eJxVjEEOwiAQRe_C2hDGgQIu3fcMZGBAqoYmpV0Z765NutDtf-_9lwi0rTVsPS9hYnERIE6_W6T0yG0HfKd2m2Wa27pMUe6KPGiX48z5eT3cv4NKvX7rAmgtaleIvHbgkBD5XAa0YBR4MoBkHCTWUXnLThljtcnRKiaNMIj3B7KuNn0:1qvKEj:eTUFmU6sTO2pYbNtLBq7xMQYWIOo12ttbg-uQXJgvE4", "expire_date": "2023-11-07T16:26:33.243Z"}}, {"model": "store.customer", "pk": 4, "fields": {"user": 5, "name": "desmond", "email": "des@gmail.com"}}, {"model": "store.customer", "pk": 12, "fields": {"user": 13, "name": "desmond", "email": "etiggg@gmail.com"}}, {"model": "store.customer", "pk": 13, "fields": {"user": 14, "name": "yadav", "email": "etiggg@gmail.com"}}, {"model": "store.customer", "pk": 14, "fields": {"user": 15, "name": "jimmy", "email": ""}}, {"model": "store.customer", "pk": 15, "fields": {"user": null, "name": "Bheki Daweti", "email": "Bheki Daweti"}}, {"model": "store.customer", "pk": 16, "fields": {"user": null, "name": "bg", "email": "bg"}}, {"model": "store.customer", "pk": 17, "fields": {"user": 16, "name": "bhekidee", "email": "etiggg@gmail.com"}}, {"model": "store.product", "pk": 1, "fields": {"name": "Engine Crane", "price": "2700.00", "digital": false, "image": "engine_crane_8FoG3EP.jpg"}}, {"model": "store.product", "pk": 2, "fields": {"name": "Kota", "price": "15.00", "digital": false, "image": "kota.jpg"}}, {"model": "store.product", "pk": 3, "fields": {"name": "Watch", "price": "400.00", "digital": false, "image": "watch.jpg"}}, {"model": "store.product", "pk": 4, "fields": {"name": "Engine Stand", "price": "800.00", "digital": false, "image": "engine_stand.jpg"}}, {"model": "store.order", "pk": 13, "fields": {"customer": null, "date_orderd": "2023-11-06T16:06:15.858Z", "complete": false, "transaction_id": null}}, {"model": "store.order", "pk": 14, "fields": {"customer": null, "date_orderd": "2023-11-06T16:11:59.407Z", "complete": false, "transaction_id": null}}, {"model": "store.order", "pk": 15, "fields": {"customer": null, "date_orderd": "2023-11-07T16:49:02.569Z", "complete": false, "transaction_id": null}}, {"model": "store.order", "pk": 16, "fields": {"customer": null, "date_orderd": "2023-11-07T16:59:59.647Z", "complete": false, "transaction_id": null}}, {"model": "store.order", "pk": 17, "fields": {"customer": null, "date_orderd": "2023-11-07T17:06:28.195Z", "complete": false, "transaction_id": null}}, {"model": "store.order", "pk": 18, "fields": {"customer": null, "date_orderd": "2023-11-07T17:07:41.652Z", "complete": false, "transaction_id": null}}, {"model": "store.order", "pk": 19, "fields": {"customer": 4, "date_orderd": "2023-11-22T22:35:47.218Z", "complete": false, "transaction_id": null}}, {"model": "store.order", "pk": 20, "fields": {"customer": 12, "date_orderd": "2023-11-23T15:20:45.820Z", "complete": false, "transaction_id": null}}, {"model": "store.order", "pk": 21, "fields": {"customer": 13, "date_orderd": "2023-11-23T15:21:32.005Z", "complete": false, "transaction_id": null}}, {"model": "store.order", "pk": 22, "fields": {"customer": 14, "date_orderd": "2023-11-23T15:23:00.723Z", "complete": false, "transaction_id": null}}, {"model": "store.order", "pk": 23, "fields": {"customer": 15, "date_orderd": "2023-12-15T10:11:13.530Z", "complete": true, "transaction_id": "1702635071.782134"}}, {"model": "store.order", "pk": 24, "fields": {"customer": 15, "date_orderd": "2023-12-15T10:58:09.932Z", "complete": true, "transaction_id": "1702637889.723966"}}, {"model": "store.order", "pk": 25, "fields": {"customer": 16, "date_orderd": "2023-12-15T18:53:43.360Z", "complete": true, "transaction_id": "1702666422.959285"}}, {"model": "store.order", "pk": 26, "fields": {"customer": 17, "date_orderd": "2023-12-15T19:08:35.676Z", "complete": true, "transaction_id": "1702667524.951773"}}, {"model": "store.order", "pk": 27, "fields": {"customer": 17, "date_orderd": "2023-12-15T19:12:05.279Z", "complete": false, "transaction_id": null}}, {"model": "store.order", "pk": 28, "fields": {"customer": 16, "date_orderd": "2023-12-15T19:47:14.356Z", "complete": true, "transaction_id": "1702669634.218825"}}, {"model": "store.order", "pk": 29, "fields": {"customer": 16, "date_orderd": "2023-12-16T08:23:45.398Z", "complete": true, "transaction_id": "1702715024.962849"}}, {"model": "store.order", "pk": 30, "fields": {"customer": 16, "date_orderd": "2023-12-16T08:30:17.007Z", "complete": true, "transaction_id": "1702715416.877951"}}, {"model": "store.orderitem", "pk": 31, "fields": {"product": 2, "order": 13, "quantity": 1, "date_added": "2023-11-06T16:06:30.111Z"}}, {"model": "store.orderitem", "pk": 32, "fields": {"product": 1, "order": 13, "quantity": 1, "date_added": "2023-11-06T16:06:32.875Z"}}, {"model": "store.orderitem", "pk": 33, "fields": {"product": 3, "order": 13, "quantity": 1, "date_added": "2023-11-06T16:06:33.894Z"}}, {"model": "store.orderitem", "pk": 34, "fields": {"product": 4, "order": 13, "quantity": 1, "date_added": "2023-11-06T16:06:35.597Z"}}, {"model": "store.orderitem", "pk": 35, "fields": {"product": 2, "order": 14, "quantity": 1, "date_added": "2023-11-06T16:12:47.849Z"}}, {"model": "store.orderitem", "pk": 36, "fields": {"product": 3, "order": 14, "quantity": 1, "date_added": "2023-11-06T16:12:50.081Z"}}, {"model": "store.orderitem", "pk": 37, "fields": {"product": 1, "order": 18, "quantity": 1, "date_added": "2023-11-08T09:49:18.268Z"}}, {"model": "store.orderitem", "pk": 38, "fields": {"product": 2, "order": 18, "quantity": 1, "date_added": "2023-11-08T09:49:19.260Z"}}, {"model": "store.orderitem", "pk": 39, "fields": {"product": 3, "order": 18, "quantity": 1, "date_added": "2023-11-08T09:49:19.916Z"}}, {"model": "store.orderitem", "pk": 40, "fields": {"product": 1, "order": 19, "quantity": 1, "date_added": "2023-11-22T22:43:45.080Z"}}, {"model": "store.orderitem", "pk": 41, "fields": {"product": 2, "order": 19, "quantity": 3, "date_added": "2023-11-22T22:43:46.799Z"}}, {"model": "store.orderitem", "pk": 42, "fields": {"product": 3, "order": 19, "quantity": 1, "date_added": "2023-11-22T22:43:48.048Z"}}, {"model": "store.orderitem", "pk": 43, "fields": {"product": 4, "order": 19, "quantity": 1, "date_added": "2023-11-22T22:43:50.160Z"}}, {"model": "store.orderitem", "pk": 44, "fields": {"product": 3, "order": 20, "quantity": 1, "date_added": "2023-11-23T15:20:51.407Z"}}, {"model": "store.orderitem", "pk": 45, "fields": {"product": 2, "order": 20, "quantity": 3, "date_added": "2023-11-23T15:20:52.554Z"}}, {"model": "store.orderitem", "pk": 46, "fields": {"product": 1, "order": 20, "quantity": 1, "date_added": "2023-11-23T15:20:55.948Z"}}, {"model": "store.orderitem", "pk": 47, "fields": {"product": 2, "order": 21, "quantity": 1, "date_added": "2023-11-23T15:21:35.738Z"}}, {"model": "store.orderitem", "pk": 48, "fields": {"product": 3, "order": 21, "quantity": 1, "date_added": "2023-11-23T15:21:38.002Z"}}, {"model": "store.orderitem", "pk": 49, "fields": {"product": 2, "order": 22, "quantity": 1, "date_added": "2023-11-23T15:23:17.158Z"}}, {"model": "store.orderitem", "pk": 50, "fields": {"product": 1, "order": 23, "quantity": 5, "date_added": "2023-12-15T10:11:14.392Z"}}, {"model": "store.orderitem", "pk": 51, "fields": {"product": 2, "order": 23, "quantity": 2, "date_added": "2023-12-15T10:11:14.567Z"}}, {"model": "store.orderitem", "pk": 52, "fields": {"product": 3, "order": 23, "quantity": 2, "date_added": "2023-12-15T10:11:14.938Z"}}, {"model": "store.orderitem", "pk": 53, "fields": {"product": 2, "order": 24, "quantity": 1, "date_added": "2023-12-15T10:58:09.979Z"}}, {"model": "store.orderitem", "pk": 54, "fields": {"product": 2, "order": 25, "quantity": 2, "date_added": "2023-12-15T18:53:43.728Z"}}, {"model": "store.orderitem", "pk": 56, "fields": {"product": 2, "order": 26, "quantity": 1, "date_added": "2023-12-15T19:09:39.395Z"}}, {"model": "store.orderitem", "pk": 57, "fields": {"product": 2, "order": 27, "quantity": 1, "date_added": "2023-12-15T19:39:01.552Z"}}, {"model": "store.orderitem", "pk": 61, "fields": {"product": 2, "order": 28, "quantity": 1, "date_added": "2023-12-15T19:47:14.427Z"}}, {"model": "store.orderitem", "pk": 62, "fields": {"product": 2, "order": 29, "quantity": 1, "date_added": "2023-12-16T08:23:45.752Z"}}, {"model": "store.orderitem", "pk": 63, "fields": {"product": 3, "order": 29, "quantity": 1, "date_added": "2023-12-16T08:23:45.969Z"}}, {"model": "store.orderitem", "pk": 64, "fields": {"product": 2, "order": 30, "quantity": 1, "date_added": "2023-12-16T08:30:17.159Z"}}, {"model": "store.shippingaddress", "pk": 1, "fields": {"customer": null, "order": null, "address": "Old Maternity Building", "city": "ngcobo", "zipcode": "5050", "date_added": "2023-10-08T18:07:30.855Z"}}, {"model": "store.shippingaddress", "pk": 2, "fields": {"customer": null, "order": null, "address": "Old Maternity Building", "city": "ngcobo", "zipcode": "5050", "date_added": "2023-10-09T12:45:05.932Z"}}, {"model": "store.shippingaddress", "pk": 3, "fields": {"customer": 15, "order": 23, "address": "Old Maternity Building", "city": "ngcobo", "zipcode": "5050", "date_added": "2023-12-15T10:11:15.646Z"}}, {"model": "store.shippingaddress", "pk": 4, "fields": {"customer": 15, "order": 24, "address": "Old Maternity Building", "city": "ngcobo", "zipcode": "5050", "date_added": "2023-12-15T10:58:10.297Z"}}, {"model": "store.shippingaddress", "pk": 5, "fields": {"customer": 16, "order": 25, "address": "Old Maternity Building", "city": "ngcobo", "zipcode": "5050", "date_added": "2023-12-15T18:53:44.103Z"}}, {"model": "store.shippingaddress", "pk": 6, "fields": {"customer": 17, "order": 26, "address": "Chris Hani Street", "city": "Westonaria", "zipcode": "1779", "date_added": "2023-12-15T19:12:05.086Z"}}, {"model": "store.shippingaddress", "pk": 7, "fields": {"customer": 16, "order": 28, "address": "Old Maternity Building", "city": "ngcobo", "zipcode": "5050", "date_added": "2023-12-15T19:47:14.723Z"}}, {"model": "store.shippingaddress", "pk": 8, "fields": {"customer": 16, "order": 29, "address": "Old Maternity Building", "city": "ngcobo", "zipcode": "5050", "date_added": "2023-12-16T08:23:46.541Z"}}, {"model": "store.shippingaddress", "pk": 9, "fields": {"customer": 16, "order": 30, "address": "Old Maternity Building", "city": "ngcobo", "zipcode": "5050", "date_added": "2023-12-16T08:30:17.757Z"}}]
